translationId,productId,locale,title,descriptionHtml,currentIngredients,proposedIngredients,subtitle,subtitleStatus,action,reason
cmr0q2sc50018aixk0ww61dbo,cmr0q2sc50017aixkdhu1k2vo,ru,"Авторская закуска (хумус, мутабал, мухаммара)","<p>Закуска на основе баклажанов, болгарского перца, нута.<br/>360г</p>",,"Закуска на основе баклажанов, болгарского перца, нута.",360г,exists,MIGRATE,first line from descriptionHtml
cmr0q39qa002kaixkuwevkedq,cmr0q39qa002jaixk5kd4kttd,ru,Авторский сет «Армавир № 2»,"<p>Каре ягнёнка, печёные овощи<br/>900 г</p>",,"Каре ягнёнка, печёные овощи",900 г,exists,MIGRATE,first line from descriptionHtml
cmr0q40xs004qaixkv39r7ym3,cmr0q40xs004paixkjh3buhek,ru,Антрекот из свинины по весу,"<p>Свиной антрекот, фирменный соус, лук, зелень<br/>100/40/30 г</p>",,"Свиной антрекот, фирменный соус, лук, зелень",100/40/30 г,exists,MIGRATE,first line from descriptionHtml
cmr0q4ito0065aixkha0ypc06,cmr0q4ito0064aixkg5ta9b0u,ru,Аппетитный цыпленок,"<p>Авторское тесто, куриная грудка, шампиньоны, болгарский перец, фирменный соус «Маргарита», моцарелла, сулугуни, томаты, базилик<br/>28 см</p>",,"Авторское тесто, куриная грудка, шампиньоны, болгарский перец, фирменный соус «Маргарита», моцарелла, сулугуни, томаты, базилик",28 см,exists,MIGRATE,first line from descriptionHtml
cmr0q4gpa005zaixkq9ab92ij,cmr0q4gpa005yaixkl1uani1s,ru,Ассорти морепродуктов,"<p>Сёмга, форель радужная, тигровые креветки, кальмары, мидии. Подаётся с гранатовым соусом и лимоном.<br/>2кг</p>",,"Сёмга, форель радужная, тигровые креветки, кальмары, мидии. Подаётся с гранатовым соусом и лимоном.",2кг,exists,MIGRATE,first line from descriptionHtml
cmr0q4bdv005kaixkys4n6b3l,cmr0q4bdv005jaixkqegx9g28,ru,Ассорти шашлыков №1,"<p>Свиная шея, люля-кебаб из курицы, люля-кебаб из говядины, колбаски собственного приготовления из свинины-говядины, куриные крылья, куриная голень, картофель, шампиньоны. Подаётся с фирменным (красным) соусом и луком с зеленью.<br/>2кг</p>",,"Свиная шея, люля-кебаб из курицы, люля-кебаб из говядины, колбаски собственного приготовления из свинины-говядины, куриные крылья, куриная голень, картофель, шампиньоны. Подаётся с фирменным (красным) соусом и луком с зеленью.",2кг,exists,MIGRATE,first line from descriptionHtml
cmr0q4cga005naixkxh8h3yjo,cmr0q4cga005maixku77o37de,ru,Ассорти шашлыков №2,"<p>Баранина (парная), люля-кебаб из курицы, люля-кебаб из говядины, колбаски собственного приготовления из курицы, куриные крылья, куриная голень, картофель, шампиньоны. Подаётся с фирменным (красным) соусом и луком с зеленью.<br/>2кг</p>",,"Баранина (парная), люля-кебаб из курицы, люля-кебаб из говядины, колбаски собственного приготовления из курицы, куриные крылья, куриная голень, картофель, шампиньоны. Подаётся с фирменным (красным) соусом и луком с зеленью.",2кг,exists,MIGRATE,first line from descriptionHtml
cmr0q4dkb005qaixkawcbl9y0,cmr0q4dkb005paixkntxl5uup,ru,Ассорти шашлыков №4,"<p>Свиная шея, куриная голень, колбаски собственного приготовления из курицы, колбаски собственного приготовления из свинины/говядины, люля-кебаб из курицы, картофель, болгарский перец, баклажаны, кабачок. Подаётся с фирменным (красным) соусом и луком с зеленью.<br/>2.5кг</p>",,"Свиная шея, куриная голень, колбаски собственного приготовления из курицы, колбаски собственного приготовления из свинины/говядины, люля-кебаб из курицы, картофель, болгарский перец, баклажаны, кабачок. Подаётся с фирменным (красным) соусом и луком с зеленью.",2.5кг,exists,MIGRATE,first line from descriptionHtml
cmr0q4eko005taixkwjl1o253,cmr0q4eko005saixksgh7je7b,ru,Ассорти шашлыков №5,"<p>Антрекот из свинины, свиные рёбра, свиная шея, грудка индейки, колбаски собственного приготовления из свинины/говядины, люля-кебаб из курицы, картофель. Подаётся с фирменным (красным) соусом и луком с зеленью.<br/>2.5кг</p>",,"Антрекот из свинины, свиные рёбра, свиная шея, грудка индейки, колбаски собственного приготовления из свинины/говядины, люля-кебаб из курицы, картофель. Подаётся с фирменным (красным) соусом и луком с зеленью.",2.5кг,exists,MIGRATE,first line from descriptionHtml
cmr0q46aa0055aixkibezo39c,cmr0q46a90054aixk08siben6,ru,Баранина (парная),<p>Подаётся с фирменным соусом и луком с зеленью.<br/>200/40/20г</p>,,Подаётся с фирменным соусом и луком с зеленью.,200/40/20г,exists,MIGRATE,first line from descriptionHtml
cmr0q57y80082aixko0q9tbd3,cmr0q57y70081aixk6sb01d9k,ru,Барбекю соус,<p>Соус барбекю<br/>50 г</p>,,Соус барбекю,50 г,exists,MIGRATE,first line from descriptionHtml
cmr0q3obe003qaixk4l9rccv0,cmr0q3obe003paixkejo19bh2,ru,Бефстроганов,"<p>Обжаренная телятина, лук, шампиньоны, сливочный соус<br/>260 г</p>",,"Обжаренная телятина, лук, шампиньоны, сливочный соус",260 г,exists,MIGRATE,first line from descriptionHtml
cmr0q3du1002waixksjbkx5k1,cmr0q3du1002vaixkwdc323jk,ru,Борщ с говядиной,<p>Подаётся со сметаной и чёрным хлебом.<br/>350г</p>,,Подаётся со сметаной и чёрным хлебом.,350г,exists,MIGRATE,first line from descriptionHtml
cmr0q50df007haixkxfcm4ekx,cmr0q50df007gaixk7dndompn,ru,Брауни,"<p>Брауни, ванильное мороженое, шоколадный топпинг<br/>1 шт.</p>",,"Брауни, ванильное мороженое, шоколадный топпинг",1 шт.,exists,MIGRATE,first line from descriptionHtml
cmr0q5gqd008qaixkusdwqebe,cmr0q5gqd008paixk1kvpn4w7,ru,Винный соус,<p>Соус винный<br/>50 г</p>,,Соус винный,50 г,exists,MIGRATE,first line from descriptionHtml
cmr0q2td4001baixkxq7us2zm,cmr0q2td4001aaixkmtasxxxl,ru,Гавурма,<p>Древний армянский рецепт приготовления говядины в топленом масле. Подается с красным луком.<br/>160г</p>,,Древний армянский рецепт приготовления говядины в топленом масле. Подается с красным луком.,160г,exists,MIGRATE,first line from descriptionHtml
cmr0q56y4007zaixkfi8zuxel,cmr0q56y4007yaixkg1i3k1qa,ru,Гранатовый соус,<p>Соус гранатовый<br/>50 г</p>,,Соус гранатовый,50 г,exists,MIGRATE,first line from descriptionHtml
cmr0q425j004taixkckgezbkb,cmr0q425j004saixkhxw98399,ru,Грудка индейки,"<p>Грудка индейки, фирменный соус, лук, зелень<br/>200/40/20 г</p>",,"Грудка индейки, фирменный соус, лук, зелень",200/40/20 г,exists,MIGRATE,first line from descriptionHtml
cmr0q5hq0008taixk69oxuj23,cmr0q5hq0008saixkuynxcknl,ru,Демиглас,<p>Соус демиглас<br/>50 г</p>,,Соус демиглас,50 г,exists,MIGRATE,first line from descriptionHtml
cmr0q5aa20088aixkmk3tl4pd,cmr0q5aa20087aixkk7z1mw70,ru,Дор-блю соус,<p>Соус дор-блю<br/>50 г</p>,,Соус дор-блю,50 г,exists,MIGRATE,first line from descriptionHtml
cmr0q3znx004naixkokxb7tdl,cmr0q3znw004maixkqy06yw1u,ru,Каре ягненка по весу,"<p>Каре ягненка, фирменный соус, лук, зелень<br/>100/40/30 г</p>",,"Каре ягненка, фирменный соус, лук, зелень",100/40/30 г,exists,MIGRATE,first line from descriptionHtml
cmr0q3rjp003zaixk8ew208rg,cmr0q3rjp003yaixkjpaa2it2,ru,Картофель по-деревенски,<p>200г</p>,,,200г,exists,SKIP,standalone portion
cmr0q3qhm003waixkbxj8cxsy,cmr0q3qhm003vaixk54klrknr,ru,Картофель фри,<p>160г</p>,,,160г,exists,SKIP,standalone portion
cmr0q4tln006zaixkvhlj7nv7,cmr0q4tln006yaixkejaol5sc,ru,Картофель фри,<p>Картофель фри с фирменным (красным) соусом.<br/>120г</p>,,Картофель фри с фирменным (красным) соусом.,120г,exists,MIGRATE,first line from descriptionHtml
cmr0q4y7a007baixk2xkaxnmu,cmr0q4y7a007aaixkx7ltj8w8,ru,Кесадилья с куриным мясом,"<p>Тортилья, фирменный красный соус, лук, болгарский перец, сыр моцарелла, куриное мясо<br/>260 г</p>",,"Тортилья, фирменный красный соус, лук, болгарский перец, сыр моцарелла, куриное мясо",260 г,exists,MIGRATE,first line from descriptionHtml
cmr0q5ec0008kaixkrfh8uf6e,cmr0q5ec0008jaixkfev3f2ot,ru,Кетчуп фирменный,<p>Фирменный кетчуп<br/>50 г</p>,,Фирменный кетчуп,50 г,exists,MIGRATE,first line from descriptionHtml
cmr0q3um30048aixkg33suvja,cmr0q3um30047aixk1fo60j4l,ru,Колбаски собственного приготовления из курицы,"<p>Колбаски из курицы, фирменный соус, лук, зелень<br/>375/40/10 г</p>",,"Колбаски из курицы, фирменный соус, лук, зелень",375/40/10 г,exists,MIGRATE,first line from descriptionHtml
cmr0q3vle004baixkpauxijbn,cmr0q3vle004aaixkis4fac2t,ru,Колбаски собственного приготовления из свинины/говядины,"<p>Колбаски из свинины/говядины, фирменный соус, лук, зелень<br/>250/40/20 г</p>",,"Колбаски из свинины/говядины, фирменный соус, лук, зелень",250/40/20 г,exists,MIGRATE,first line from descriptionHtml
cmr0q53kh007qaixkkiwya8zk,cmr0q53kh007paixk2u94ofr7,ru,Красный бархат,<p>Классический красный бархат. Десерт подаётся с клубничным топпингом.<br/>1шт.</p>,,Классический красный бархат. Десерт подаётся с клубничным топпингом.,1шт.,exists,MIGRATE,first line from descriptionHtml
cmr0q3bsh002qaixkosovrcfu,cmr0q3bsg002paixkmr9to954,ru,Крем-суп с чечевицей,<p>Крем-суп с чечевицей<br/>300 г</p>,,Крем-суп с чечевицей,300 г,exists,MIGRATE,first line from descriptionHtml
cmr0q3crt002taixkdlm43j06,cmr0q3crt002saixkuxyjz34n,ru,Крем-суп сырный,<p>Подаётся с сухариками собственного производства.<br/>300г</p>,,Подаётся с сухариками собственного производства.,300г,exists,MIGRATE,first line from descriptionHtml
cmr0q3asn002naixki0fewmsj,cmr0q3asn002maixkg9uxir95,ru,Крем-суп томатный,<p>Томатный крем-суп<br/>300 г</p>,,Томатный крем-суп,300 г,exists,MIGRATE,first line from descriptionHtml
cmr0q4fmw005waixkqngqpvri,cmr0q4fmw005vaixk2ujnqro3,ru,Куриное ассорти,"<p>Куриная голень, куриные крылья, куриная грудка, грудка индейки, колбаски собственного приготовления из курицы, люля-кебаб из курицы, картофель. Подаётся с фирменным (красным) соусом и луком с зеленью.<br/>2.5кг</p>",,"Куриная голень, куриные крылья, куриная грудка, грудка индейки, колбаски собственного приготовления из курицы, люля-кебаб из курицы, картофель. Подаётся с фирменным (красным) соусом и луком с зеленью.",2.5кг,exists,MIGRATE,first line from descriptionHtml
cmr0q38fc002haixkm5jh3tbj,cmr0q38fc002gaixk4ozjdca4,ru,Куриные крылышки в соусе BBQ,"<p>Куриные крылышки, соус BBQ<br/>200 г</p>",,"Куриные крылышки, соус BBQ",200 г,exists,MIGRATE,first line from descriptionHtml
cmr0q4362004waixkymagxuqz,cmr0q4362004vaixk74tdpsyf,ru,Куриные крылья,"<p>Куриные крылья, фирменный соус, лук, зелень<br/>200/40/20 г</p>",,"Куриные крылья, фирменный соус, лук, зелень",200/40/20 г,exists,MIGRATE,first line from descriptionHtml
cmr0q3tnd0045aixk12fjarpi,cmr0q3tnd0044aixkmy4a7ea6,ru,Куриный стейк с сырной начинкой,"<p>Нежная куриная грудка с сырной начинкой, подаётся с картофельным пюре с добавлением шпината, а также фирменным соусом дор-блю.</p>",,"Нежная куриная грудка с сырной начинкой, подаётся с картофельным пюре с добавлением шпината, а также фирменным соусом дор-блю.",,missing,MIGRATE,first line from descriptionHtml
cmr0q4rdj006taixk5q4nucvi,cmr0q4rdi006saixkit1jqqmu,ru,Ламаджо из говядины,<p>Традиционная армянская лепёшка с мясом говядины. Подаётся с лимоном.</p>,,Традиционная армянская лепёшка с мясом говядины. Подаётся с лимоном.,,missing,MIGRATE,first line from descriptionHtml
cmr0q4sko006waixk4toxkkl1,cmr0q4sko006vaixkilehlqmf,ru,Ламаджо из говядины с сыром,<p>Традиционная армянская лепёшка с мясом говядины и сыром. Подаётся с лимоном.</p>,,Традиционная армянская лепёшка с мясом говядины и сыром. Подаётся с лимоном.,,missing,MIGRATE,first line from descriptionHtml
cmr0q48b3005baixkp5ncn0tt,cmr0q48b3005aaixkd80t7a6u,ru,Люля-кебаб из говядины с зеленью,<p>Подаётся с фирменным соусом и красным луком.<br/>160/40/20г</p>,,Подаётся с фирменным соусом и красным луком.,160/40/20г,exists,MIGRATE,first line from descriptionHtml
cmr0q47bb0058aixk0em4o33z,cmr0q47bb0057aixk1czrvz15,ru,Люля-кебаб из говядины с сыром,<p>Подаётся с фирменным соусом и красным луком.<br/>160/40/20г</p>,,Подаётся с фирменным соусом и красным луком.,160/40/20г,exists,MIGRATE,first line from descriptionHtml
cmr0q49de005eaixkc0bb9ww3,cmr0q49de005daixk403aeej0,ru,Люля-кебаб из курицы,<p>Подаётся с фирменным соусом и красным луком.<br/>150/40/20г</p>,,Подаётся с фирменным соусом и красным луком.,150/40/20г,exists,MIGRATE,first line from descriptionHtml
cmr0q4aev005haixkycg6sgv2,cmr0q4aev005gaixk0djcj0j7,ru,Люля-кебаб из курицы с шампиньонами,<p>Подаётся с фирменным соусом и красным луком.<br/>165/40/20г</p>,,Подаётся с фирменным соусом и красным луком.,165/40/20г,exists,MIGRATE,first line from descriptionHtml
cmr0q5dbs008haixkue80ojwc,cmr0q5dbs008gaixkvckxbxeg,ru,Майонез,<p>Майонез<br/>50 г</p>,,Майонез,50 г,exists,MIGRATE,first line from descriptionHtml
cmr0q4hqf0062aixkokletauo,cmr0q4hqf0061aixkf9mumrl9,ru,Маргарита,"<p>Авторское тесто, фирменный соус «Маргарита», моцарелла, сулугуни, базилик, томаты<br/>28 см</p>",,"Авторское тесто, фирменный соус «Маргарита», моцарелла, сулугуни, базилик, томаты",28 см,exists,MIGRATE,first line from descriptionHtml
cmr0q5isu008waixk9hy41nm2,cmr0q5isu008vaixkrarsh3im,ru,Мацун,<p>Мацун<br/>100 мл</p>,,Мацун,100 мл,exists,MIGRATE,first line from descriptionHtml
cmr0q5fhq008naixk9f59kpvd,cmr0q5fhp008maixkebhmos4a,ru,Мацун чесночный,<p>Мацун чесночный<br/>50 г</p>,,Мацун чесночный,50 г,exists,MIGRATE,first line from descriptionHtml
cmr0q52ji007naixkgn5bxu89,cmr0q52ji007maixkp9r3han1,ru,Медовик с солёной карамелью,<p>Классический медовик.<br/>1шт.</p>,,Классический медовик.,1шт.,exists,MIGRATE,first line from descriptionHtml
cmr0q51j1007kaixkdttpsqmm,cmr0q51j1007jaixkvckhoajo,ru,Муравейник,"<p>Десерт подаётся с карамельным топпингом, миндальной стружкой.<br/>1шт.</p>",,"Десерт подаётся с карамельным топпингом, миндальной стружкой.",1шт.,exists,MIGRATE,first line from descriptionHtml
cmr0q2ueq001eaixk79j3gakl,cmr0q2ueq001daixk1czjtbez,ru,Мясная тарелка,"<p>Бастурма, суджук, пастрами из говядины, свиной окорок. Подается с горчичным соусом.<br/>180г</p>",,"Бастурма, суджук, пастрами из говядины, свиной окорок. Подается с горчичным соусом.",180г,exists,MIGRATE,first line from descriptionHtml
cmr0q35a60028aixkzy0f8w92,cmr0q35a60027aixk3x3s8xok,ru,Наггетсы хрустящие,<p>Куриные наггетсы в панировке собственного производства<br/>160 г</p>,,Куриные наггетсы в панировке собственного производства,160 г,exists,MIGRATE,first line from descriptionHtml
cmr0q3wly004eaixksxx0apei,cmr0q3wly004daixk700h8o6k,ru,Овощи на мангале,"<p>Кабачок, баклажан, болгарский перец<br/>200 г</p>",,"Кабачок, баклажан, болгарский перец",200 г,exists,MIGRATE,first line from descriptionHtml
cmr0q2py30012aixk7gtmc12d,cmr0q2py30011aixkkxfc7x70,ru,Овощная нарезка,"<p>Ассорти из свежих овощей: огурцы, помидоры, болгарский перец, редис.<br/>220г</p>",,"Ассорти из свежих овощей: огурцы, помидоры, болгарский перец, редис.",220г,exists,MIGRATE,first line from descriptionHtml
cmr0q3297001zaixkiki9c1wy,cmr0q3297001yaixktxsz5ko0,ru,Овощной салат,"<p>Помидоры, огурцы, болгарский перец, зелень, базилик, красный лук, оливковое масло.<br/>180г</p>",,"Помидоры, огурцы, болгарский перец, зелень, базилик, красный лук, оливковое масло.",180г,exists,MIGRATE,first line from descriptionHtml
cmr0q3slw0042aixk0rowribq,cmr0q3slv0041aixk89vy7v50,ru,Оссобуко,<p>Телячья голяшка в сочетании с итальянским рисом ризотто или пастой ариштой в нежном сливочном соусе. Подаётся с фирменным винным соусом.</p>,,Телячья голяшка в сочетании с итальянским рисом ризотто или пастой ариштой в нежном сливочном соусе. Подаётся с фирменным винным соусом.,,missing,MIGRATE,first line from descriptionHtml
cmr0q3xkx004haixkyd2m8na7,cmr0q3xkx004gaixk6c8ruqu6,ru,Печень говяжья,"<p>Говяжья печень, фирменный соус, лук, зелень<br/>200/40/20 г</p>",,"Говяжья печень, фирменный соус, лук, зелень",200/40/20 г,exists,MIGRATE,first line from descriptionHtml
cmr0q4lzu006eaixk03s929kx,cmr0q4lzu006daixk1doxwjqs,ru,Пицца с бастурмой,"<p>Авторское тесто, бастурма, сыр моцарелла, сулугуни, томаты, базилик, фирменный соус &quot;Маргарита&quot;.<br/>28см</p>",,"Авторское тесто, бастурма, сыр моцарелла, сулугуни, томаты, базилик, фирменный соус ""Маргарита"".",28см,exists,MIGRATE,first line from descriptionHtml
cmr0q4n1v006haixkvchouan2,cmr0q4n1v006gaixk6tzthej5,ru,Пицца с охотничьими колбасками,"<p>Авторское тесто, моцарелла, сулугуни, охотничьи колбаски, томаты, базилик, фирменный соус &quot;Маргарита&quot;.<br/>28см</p>",,"Авторское тесто, моцарелла, сулугуни, охотничьи колбаски, томаты, базилик, фирменный соус ""Маргарита"".",28см,exists,MIGRATE,first line from descriptionHtml
cmr0q3pdo003taixk4n5zcus2,cmr0q3pdn003saixkx37d68cr,ru,Ризотто,"<p>Рис ризотто, сливочный соус, куркума, пармезан, черри, мидии, креветки, кальмары<br/>220 г</p>",,"Рис ризотто, сливочный соус, куркума, пармезан, черри, мидии, креветки, кальмары",220 г,exists,MIGRATE,first line from descriptionHtml
cmr0q2ytj001qaixk5zeem319,cmr0q2ytj001paixk1x3fnjmk,ru,Салат Цезарь с креветками,"<p>Тигровые креветки, черри, фирменный соус «Цезарь», микс зелени, пармезан, хрустящий армянский лаваш<br/>220 г</p>",,"Тигровые креветки, черри, фирменный соус «Цезарь», микс зелени, пармезан, хрустящий армянский лаваш",220 г,exists,MIGRATE,first line from descriptionHtml
cmr0q2xjs001naixkjmr9cf0m,cmr0q2xjr001maixkpx495psj,ru,Салат Шурик,"<p>Вырезка из телятины, микс зелени, морковь по-корейски, бальзамический уксус, грецкий орех, оливковое масло, сухарики собственного производства, дор-блю<br/>180 г</p>",,"Вырезка из телятины, микс зелени, морковь по-корейски, бальзамический уксус, грецкий орех, оливковое масло, сухарики собственного производства, дор-блю",180 г,exists,MIGRATE,first line from descriptionHtml
cmr0q2r600015aixk6l8ud102,cmr0q2r600014aixk45edok6o,ru,Сало домашнее,"<p>Сало свиное подаётся с фирменным соусом на основе горчицы и чесночного соуса, с зелёным луком.<br/>150г</p>",,"Сало свиное подаётся с фирменным соусом на основе горчицы и чесночного соуса, с зелёным луком.",150г,exists,MIGRATE,first line from descriptionHtml
cmr0q3ym6004kaixk6ivi7334,cmr0q3ym5004jaixkp0388amx,ru,Свиная шея,"<p>Свинина, фирменный соус, лук, зелень<br/>200/40/20 г</p>",,"Свинина, фирменный соус, лук, зелень",200/40/20 г,exists,MIGRATE,first line from descriptionHtml
cmr0q447f004zaixkrtzkwu89,cmr0q447f004yaixk8ucry2pa,ru,Свиные рёбра,"<p>Свиные рёбра, фирменный соус, лук, зелень<br/>200/40/20 г</p>",,"Свиные рёбра, фирменный соус, лук, зелень",200/40/20 г,exists,MIGRATE,first line from descriptionHtml
cmr0q5c8u008eaixk8wil8m3j,cmr0q5c8u008daixkki4t629o,ru,Сметана,<p>Сметана<br/>50 г</p>,,Сметана,50 г,exists,MIGRATE,first line from descriptionHtml
cmr0q3esq002zaixk7681tuko,cmr0q3esq002yaixkji6zo8vv,ru,Солянка,"<p>Подаётся с лимоном, чёрным хлебом и со сметаной.<br/>350г</p>",,"Подаётся с лимоном, чёрным хлебом и со сметаной.",350г,exists,MIGRATE,first line from descriptionHtml
cmr0q4ult0072aixkc0t6d361,cmr0q4uls0071aixky5vnm8rc,ru,Спагетти с куриной сосиской,"<p>Спагетти, куриная сосиска.<br/>160г</p>",,"Спагетти, куриная сосиска.",160г,exists,MIGRATE,first line from descriptionHtml
cmr0q3gtz0035aixk6dd6s9oy,cmr0q3gtz0034aixkksn8v7so,ru,Спас - традиционный армянский кисломолочный суп,"<p>Мацун, дзавар, кинза, сухарики собственного производства, жареный лук. Подаётся горячим.<br/>300г</p>",,"Мацун, дзавар, кинза, сухарики собственного производства, жареный лук. Подаётся горячим.",300г,exists,MIGRATE,first line from descriptionHtml
cmr0q3fu40032aixknhky1s8s,cmr0q3fu40031aixkczor1rzk,ru,Суп с морскими деликатесами,"<p>Сочетание кислого, острого и пряного вкусов с добавлением грибов, черри, креветок, кальмаров и мидий. Подаётся с рисом, маринованным имбирём.<br/>350г</p>",,"Сочетание кислого, острого и пряного вкусов с добавлением грибов, черри, креветок, кальмаров и мидий. Подаётся с рисом, маринованным имбирём.",350г,exists,MIGRATE,first line from descriptionHtml
cmr0q3hti0038aixkzutmkkac,cmr0q3hti0037aixkfvyez61z,ru,Суп-лапша,<p>Подаётся с чёрным хлебом.<br/>300г</p>,,Подаётся с чёрным хлебом.,300г,exists,MIGRATE,first line from descriptionHtml
cmr0q4x5u0078aixky7hhsgzl,cmr0q4x5u0077aixkrip67yx8,ru,Супик лапша,"<p>Куриное мясо, лапша, морковь, картофель.<br/>250г</p>",,"Куриное мясо, лапша, морковь, картофель.",250г,exists,MIGRATE,first line from descriptionHtml
cmr0q2vf5001haixk8wlkgeg2,cmr0q2vf5001gaixklfndifa6,ru,Сырная тарелка «Армянская»,"<p>Сыры лори, чанах, домашний выдержанный сыр, чечил<br/>230 г</p>",,"Сыры лори, чанах, домашний выдержанный сыр, чечил",230 г,exists,MIGRATE,first line from descriptionHtml
cmr0q2wh7001kaixkpw1sx4tz,cmr0q2wh6001jaixk9431qlm3,ru,Сырная тарелка «Европейская»,"<p>Моцарелла, чеддер, дор-блю, пармезан<br/>250 г</p>",,"Моцарелла, чеддер, дор-блю, пармезан",250 г,exists,MIGRATE,first line from descriptionHtml
cmr0q37ec002eaixkkchc28ua,cmr0q37ec002daixknkpt1qz7,ru,Сырные палочки,<p>Сырные палочки в панировке<br/>180 г</p>,,Сырные палочки в панировке,180 г,exists,MIGRATE,first line from descriptionHtml
cmr0q5b98008baixkrfmcnq7g,cmr0q5b98008aaixk5n7af9ih,ru,Сырный соус,<p>Соус сырный<br/>50 г</p>,,Соус сырный,50 г,exists,MIGRATE,first line from descriptionHtml
cmr0q318s001waixk27nku8y6,cmr0q318r001vaixkclhva7kl,ru,Табуле,"<p>Булгур, помидоры, зелень, микс салат, фирменная заправка, красный лук, лимон, оливковое масло.<br/>180г</p>",,"Булгур, помидоры, зелень, микс салат, фирменная заправка, красный лук, лимон, оливковое масло.",180г,exists,MIGRATE,first line from descriptionHtml
cmr0q3nbj003naixkbewfabxv,cmr0q3nbj003maixkj8ykoe4c,ru,Тарелка Тимура,"<p>Запеченные колбаски собственного приготовления из свинины/говядины, картофель, шампиньоны<br/>300 г</p>",,"Запеченные колбаски собственного приготовления из свинины/говядины, картофель, шампиньоны",300 г,exists,MIGRATE,first line from descriptionHtml
cmr0q45990052aixkorp3wj0v,cmr0q45980051aixkhbvbpd0c,ru,Телятина (вырезка),<p>Подаётся с фирменным соусом и луком с зеленью.<br/>200/40/20г</p>,,Подаётся с фирменным соусом и луком с зеленью.,200/40/20г,exists,MIGRATE,first line from descriptionHtml
cmr0q36co002baixk8zte8ioz,cmr0q36co002aaixki58enehj,ru,Тигровые креветки в соусе унаги,"<p>Жареные тигровые креветки, соус унаги<br/>200 г</p>",,"Жареные тигровые креветки, соус унаги",200 г,exists,MIGRATE,first line from descriptionHtml
cmr0q3l44003haixktkc8vgy2,cmr0q3l44003gaixkeasypcpr,ru,Толма,"<p>Традиционное армянское блюдо, представляющее собой мясную начинку из говядины, завёрнутую в виноградные листья. Подаётся с чесночным мацуном.<br/>200/40г</p>",,"Традиционное армянское блюдо, представляющее собой мясную начинку из говядины, завёрнутую в виноградные листья. Подаётся с чесночным мацуном.",200/40г,exists,MIGRATE,first line from descriptionHtml
cmr0q4p7h006naixkqqp7a72s,cmr0q4p7h006maixkpyfjo6qd,ru,Хачапури по-аджарски,"<p>Авторское тесто, сулугуни, моцарелла, яйцо.</p>",,"Авторское тесто, сулугуни, моцарелла, яйцо.",,missing,MIGRATE,first line from descriptionHtml
cmr0q4o4c006kaixk4pivbt9w,cmr0q4o4c006jaixklpxa0f37,ru,Хачапури по-аджарски с помидором,"<p>Авторское тесто, сулугуни, моцарелла, помидоры, яйцо.</p>",,"Авторское тесто, сулугуни, моцарелла, помидоры, яйцо.",,missing,MIGRATE,first line from descriptionHtml
cmr0q4q8r006qaixkp8htgfvd,cmr0q4q8r006paixkx24f9w6r,ru,Хачапури по-мегрельски,"<p>Авторское тесто, сулугуни, моцарелла.</p>",,"Авторское тесто, сулугуни, моцарелла.",,missing,MIGRATE,first line from descriptionHtml
cmr0q3ixe003baixkaffbbu4j,cmr0q3ixd003aaixkh0ih5rkt,ru,Хашлама из баранины,"<p>Баранина, бульон/овощи<br/>400 г</p>",,"Баранина, бульон/овощи",400 г,exists,MIGRATE,first line from descriptionHtml
cmr0q3k2o003eaixkiyb42qnb,cmr0q3k2o003daixkvpv261iu,ru,Хашлама с говяжьим хвостом,<p>400 г</p>,,,400 г,exists,SKIP,standalone portion
cmr0q348r0025aixka6sf61cj,cmr0q348r0024aixkj8vgaors,ru,Хрустящие баклажаны,"<p>Хрустящие баклажаны, помидоры, фирменный соус, сыр творожный, кинза, грецкий орех.<br/>180г</p>",,"Хрустящие баклажаны, помидоры, фирменный соус, сыр творожный, кинза, грецкий орех.",180г,exists,MIGRATE,first line from descriptionHtml
cmr0q3m7u003kaixkd7gqtxan,cmr0q3m7u003jaixkxrls0hhi,ru,Хурджин,"<p>Запечённая телятина с шампиньонами, болгарским перцем, помидорами, нутом, луком и сливочным соусом. Подаётся в хрустящем армянском лаваше.<br/>350г</p>",,"Запечённая телятина с шампиньонами, болгарским перцем, помидорами, нутом, луком и сливочным соусом. Подаётся в хрустящем армянском лаваше.",350г,exists,MIGRATE,first line from descriptionHtml
cmr0q4ju20068aixks6sb3bsb,cmr0q4ju20067aixkgiparc79,ru,Цезарь,"<p>Авторское тесто, фирменный соус «Цезарь», черри, микс зелени, пармезан, куриная грудка<br/>28 см</p>",,"Авторское тесто, фирменный соус «Цезарь», черри, микс зелени, пармезан, куриная грудка",28 см,exists,MIGRATE,first line from descriptionHtml
cmr0q301g001taixkbdsedjji,cmr0q301g001saixkizogkcky,ru,Цезарь с курицей,"<p>Куриная грудка, хрустящий армянский лаваш, черри, фирменный соус «Цезарь», микс зелени, пармезан<br/>200 г</p>",,"Куриная грудка, хрустящий армянский лаваш, черри, фирменный соус «Цезарь», микс зелени, пармезан",200 г,exists,MIGRATE,first line from descriptionHtml
cmr0q55n7007waixknmlk9hie,cmr0q55n7007vaixkikpupcgk,ru,Чесночный соус,<p>Соус чесночный<br/>50 г</p>,,Соус чесночный,50 г,exists,MIGRATE,first line from descriptionHtml
cmr0q4z6q007eaixkhv83p007,cmr0q4z6q007daixk4kubfi1l,ru,Чизкейк,<p>Шоколадный или классический чизкейк<br/>1 шт.</p>,,Шоколадный или классический чизкейк,1 шт.,exists,MIGRATE,first line from descriptionHtml
cmr0q4kwt006baixk6z82blsr,cmr0q4kwt006aaixkihkwmmm6,ru,Чоризо,"<p>Авторское тесто, фирменный соус «Маргарита», колбаски чоризо, моцарелла, сулугуни, томаты, базилик<br/>28 см</p>",,"Авторское тесто, фирменный соус «Маргарита», колбаски чоризо, моцарелла, сулугуни, томаты, базилик",28 см,exists,MIGRATE,first line from descriptionHtml
cmr0q59020085aixkbyyz782n,cmr0q59020084aixktmqyus4q,ru,Шафрановый соус,<p>Соус шафрановый<br/>50 г</p>,,Соус шафрановый,50 г,exists,MIGRATE,first line from descriptionHtml
cmr0q54kf007taixkx027xhzr,cmr0q54kf007saixk9iokjw3e,ru,Шашлычный соус красный,<p>Соус шашлычный<br/>50 г</p>,,Соус шашлычный,50 г,exists,MIGRATE,first line from descriptionHtml
cmr0q4vuy0075aixk4vezb23w,cmr0q4vuy0074aixkkobbs1dr,ru,куриный супчик,"<p>Куриное мясо, пшено, картофель, морковь.<br/>250г</p>",,"Куриное мясо, пшено, картофель, морковь.",250г,exists,MIGRATE,first line from descriptionHtml
